{
  "best_val_accuracy": 0.9375,
  "best_val_loss": 0.09710473567247391,
  "total_epochs": 100,
  "train_accuracy": [
    0.745,
    0.74625,
    0.735,
    0.8075,
    0.864375,
    0.890625,
    0.901875,
    0.90125,
    0.918125,
    0.9275,
    0.918125,
    0.93,
    0.929375,
    0.925,
    0.9275,
    0.9325,
    0.9325,
    0.931875,
    0.92875,
    0.93125,
    0.935625,
    0.93125,
    0.938125,
    0.929375,
    0.933125,
    0.935625,
    0.934375,
    0.93625,
    0.94,
    0.94,
    0.936875,
    0.933125,
    0.93625,
    0.931875,
    0.935625,
    0.93375,
    0.935625,
    0.93,
    0.93625,
    0.9375,
    0.93625,
    0.940625,
    0.944375,
    0.935,
    0.9325,
    0.940625,
    0.939375,
    0.936875,
    0.931875,
    0.9375,
    0.93625,
    0.938125,
    0.941875,
    0.935,
    0.9325,
    0.9275,
    0.93875,
    0.93875,
    0.94,
    0.928125,
    0.93875,
    0.934375,
    0.9375,
    0.935625,
    0.9325,
    0.93125,
    0.94125,
    0.940625,
    0.93375,
    0.944375,
    0.933125,
    0.938125,
    0.9375,
    0.93375,
    0.93875,
    0.930625,
    0.933125,
    0.938125,
    0.94125,
    0.934375,
    0.935625,
    0.935625,
    0.934375,
    0.938125,
    0.93875,
    0.939375,
    0.936875,
    0.941875,
    0.935,
    0.938125,
    0.938125,
    0.935,
    0.93625,
    0.935625,
    0.935,
    0.934375,
    0.933125,
    0.939375,
    0.936875,
    0.94375
  ],
  "train_loss": [
    1.6776874923706055,
    1.191474941968918,
    0.9090902745723725,
    0.740104278922081,
    0.6264694160223008,
    0.5423149001598359,
    0.4823793026804924,
    0.4443458116054535,
    0.40604326367378235,
    0.37816622346639633,
    0.36453666150569913,
    0.33803625255823133,
    0.3273516649007797,
    0.31335545927286146,
    0.2999205020070076,
    0.28593863725662233,
    0.2734538325667381,
    0.26331506818532946,
    0.25404392316937446,
    0.2457857148349285,
    0.23238884165883064,
    0.23101176753640174,
    0.2189509789645672,
    0.2127640025317669,
    0.20721905425190926,
    0.20236679285764694,
    0.1945326893031597,
    0.18824513658881187,
    0.18287015885114669,
    0.18226410031318666,
    0.17671144455671312,
    0.1746445992588997,
    0.1704485784471035,
    0.17055348306894302,
    0.16076960518956185,
    0.16275352537631987,
    0.1591637061536312,
    0.15547603622078895,
    0.1506490471959114,
    0.14828845396637916,
    0.14846833124756814,
    0.14266200393438339,
    0.1392985513061285,
    0.14464220888912677,
    0.14006789855659008,
    0.13697473801672458,
    0.13268697537481786,
    0.1357497598975897,
    0.1333802431821823,
    0.12846239879727364,
    0.128896472081542,
    0.126650987342,
    0.12804251819849014,
    0.1265942306816578,
    0.125206680521369,
    0.12943188816308976,
    0.1232273405790329,
    0.12042138911783695,
    0.12246323086321353,
    0.12184894412755966,
    0.1193626494705677,
    0.11776172004640102,
    0.11867723420262337,
    0.12145677633583546,
    0.11998033456504345,
    0.11509661763906479,
    0.11322631202638149,
    0.11283271424472333,
    0.11658596187829971,
    0.11261304587125778,
    0.1125745229423046,
    0.11194130308926105,
    0.11086728289723397,
    0.11262385770678521,
    0.10894275583326817,
    0.11144277967512607,
    0.10927139304578304,
    0.11042599983513356,
    0.11041304215788841,
    0.10654728151857853,
    0.11199006885290146,
    0.10850234843790531,
    0.1069611968100071,
    0.10615629278123379,
    0.10622480154037475,
    0.1072341614216566,
    0.10578635588288307,
    0.10642295442521572,
    0.10731075040996074,
    0.10730654798448086,
    0.10865706518292427,
    0.10482253775000572,
    0.10505362652242184,
    0.10547609329223633,
    0.1081949981302023,
    0.10385512426495552,
    0.10250253520905972,
    0.10345004267990589,
    0.10270087882876396,
    0.09980840370059013
  ],
  "val_accuracy": [
    0.75,
    0.9375,
    0.9375,
    0.9375,
    0.9375,
    0.9375,
    0.9375,
    0.9375,
    0.9375,
    0.9375,
    0.9375,
    0.9375,
    0.9375,
    0.9375,
    0.9375,
    0.9375,
    0.9375,
    0.9375,
    0.9375,
    0.9375
  ],
  "val_loss": [
    1.2911626100540161,
    0.4793131351470947,
    0.3309584856033325,
    0.2669436037540436,
    0.2150784134864807,
    0.18340790271759033,
    0.16125182807445526,
    0.15541745722293854,
    0.1336871236562729,
    0.12699683010578156,
    0.1201677918434143,
    0.11459647864103317,
    0.1105557233095169,
    0.10665041208267212,
    0.10447663068771362,
    0.10239020735025406,
    0.1002936065196991,
    0.09950914233922958,
    0.09742031246423721,
    0.09710473567247391
  ]
}